title,src,href
BLACKPINK - ‘Pink Venom’ DANCE PRACTICE VIDEO,https://i.ytimg.com/vi/RFMi3v0TXP8/hqdefault.jpg,https://www.youtube.com/watch?v=RFMi3v0TXP8
BLACKPINK - ‘Shut Down’ DANCE PERFORMANCE VIDEO,https://i.ytimg.com/vi/PjrAwC4TIPA/hqdefault.jpg,https://www.youtube.com/watch?v=PjrAwC4TIPA
ROSÉ - 'On The Ground' Dance Performance,https://i.ytimg.com/vi/z6CSW2yu8Mg/hqdefault.jpg,https://www.youtube.com/watch?v=z6CSW2yu8Mg
LISA - 'LALISA' DANCE PRACTICE VIDEO,https://i.ytimg.com/vi/ZJ6QQLDIzrI/hqdefault.jpg,https://www.youtube.com/watch?v=ZJ6QQLDIzrI
BLACKPINK - 'Lovesick Girls' DANCE PRACTICE VIDEO,https://i.ytimg.com/vi/YxksUfnuEbI/hqdefault.jpg,https://www.youtube.com/watch?v=YxksUfnuEbI
BLACKPINK - '뚜두뚜두 (DDU-DU DDU-DU)' DANCE PRACTICE VIDEO (MOVING VER.),https://i.ytimg.com/vi/jOJbXvjZ-cQ/hqdefault.jpg,https://www.youtube.com/watch?v=jOJbXvjZ-cQ
BLACKPINK - 'Kill This Love' DANCE PRACTICE VIDEO (MOVING VER.),https://i.ytimg.com/vi/MOwaUlXZxkI/hqdefault.jpg,https://www.youtube.com/watch?v=MOwaUlXZxkI
LISA - 'MONEY' DANCE PRACTICE VIDEO,https://i.ytimg.com/vi/fr-eHz87XoM/hqdefault.jpg,https://www.youtube.com/watch?v=fr-eHz87XoM
BLACKPINK - '붐바야(BOOMBAYAH)' DANCE PRACTICE VIDEO,https://i.ytimg.com/vi/ivoS3HUJB3Q/hqdefault.jpg,https://www.youtube.com/watch?v=ivoS3HUJB3Q
BLACKPINK - 'Forever Young' DANCE PRACTICE VIDEO (MOVING VER.),https://i.ytimg.com/vi/89kTb73csYg/hqdefault.jpg,https://www.youtube.com/watch?v=89kTb73csYg
JENNIE - 'SOLO' CHOREOGRAPHY UNEDITED VERSION,https://i.ytimg.com/vi/vdDuCvCrcKg/hqdefault.jpg,https://www.youtube.com/watch?v=vdDuCvCrcKg
BLACKPINK - ‘불장난(PLAYING WITH FIRE)’ DANCE PRACTICE VIDEO,https://i.ytimg.com/vi/NvWfJTbrTBY/hqdefault.jpg,https://www.youtube.com/watch?v=NvWfJTbrTBY
BLACKPINK - 'Don't Know What To Do' DANCE PRACTICE VIDEO (MOVING VER.),https://i.ytimg.com/vi/bqzDuRz_P7g/hqdefault.jpg,https://www.youtube.com/watch?v=bqzDuRz_P7g
BLACKPINK - ‘마지막처럼 (AS IF IT’S YOUR LAST)’ DANCE PRACTICE VIDEO,https://i.ytimg.com/vi/hKUJmA9O6iA/hqdefault.jpg,https://www.youtube.com/watch?v=hKUJmA9O6iA
BLACKPINK X Selena Gomez - 'Ice Cream' DANCE PERFORMANCE VIDEO (in ZEPETO),https://i.ytimg.com/vi/27h9SJcIdM0/hqdefault.jpg,https://www.youtube.com/watch?v=27h9SJcIdM0
JENNIE - DANCE PRACTICE VIDEO,https://i.ytimg.com/vi/kqXGnxJ-S3k/hqdefault.jpg,https://www.youtube.com/watch?v=kqXGnxJ-S3k
BLACKPINK - '휘파람(WHISTLE)' DANCE PRACTICE VIDEO,https://i.ytimg.com/vi/1kYrp_Bs8DU/hqdefault.jpg,https://www.youtube.com/watch?v=1kYrp_Bs8DU
BLACKPINK - DANCE PRACTICE VIDEO,https://i.ytimg.com/vi/3fg8pyLKvXE/hqdefault.jpg,https://www.youtube.com/watch?v=3fg8pyLKvXE
LISA - 'MONEY' EXCLUSIVE PERFORMANCE VIDEO,https://i.ytimg.com/vi/dNCWe_6HAM8/hqdefault.jpg,https://www.youtube.com/watch?v=dNCWe_6HAM8
BLACKPINK - 'How You Like That' DANCE PERFORMANCE VIDEO,https://i.ytimg.com/vi/32si5cfrCNc/hqdefault.jpg,https://www.youtube.com/watch?v=32si5cfrCNc
BLACKPINK - ‘Pretty Savage’ 1011 SBS Inkigayo,https://i.ytimg.com/vi/gU2HqP4NxUs/hqdefault.jpg,https://www.youtube.com/watch?v=gU2HqP4NxUs
BLACKPINK - '24/365 with BLACKPINK' EP.6,https://i.ytimg.com/vi/2Ccv0YfDLBc/hqdefault.jpg,https://www.youtube.com/watch?v=2Ccv0YfDLBc
BLACKPINK - ‘Pink Venom’ SPECIAL STAGE,https://i.ytimg.com/vi/RkKXbweBCcI/hqdefault.jpg,https://www.youtube.com/watch?v=RkKXbweBCcI
LISA - 'LALISA' SPECIAL STAGE,https://i.ytimg.com/vi/08x_TcTyw8o/hqdefault.jpg,https://www.youtube.com/watch?v=08x_TcTyw8o
JENNIE - ‘SOLO’ PERFORMANCE VIDEO,https://i.ytimg.com/vi/Ws5SOMeA3_E/hqdefault.jpg,https://www.youtube.com/watch?v=Ws5SOMeA3_E
BLACKPINK - ‘Pink Venom’ M/V REACTION,https://i.ytimg.com/vi/4tF9yT6TaKM/hqdefault.jpg,https://www.youtube.com/watch?v=4tF9yT6TaKM
BLACKPINK - ‘Don't Know What To Do’ 0407 SBS Inkigayo,https://i.ytimg.com/vi/o4GHoqGtRkg/hqdefault.jpg,https://www.youtube.com/watch?v=o4GHoqGtRkg
BLACKPINK - ‘Pink Venom’ M/V MAKING FILM,https://i.ytimg.com/vi/pDP9SEP7vCo/hqdefault.jpg,https://www.youtube.com/watch?v=pDP9SEP7vCo
BLACKPINK - ‘FOREVER YOUNG’ 0715 SBS Inkigayo,https://i.ytimg.com/vi/67otJZ6qe9Y/hqdefault.jpg,https://www.youtube.com/watch?v=67otJZ6qe9Y
Bring your best dance moves and join the #PinkVenomChallenge with us. Only on YouTube Shorts.,https://i.ytimg.com/vi/n-3jzVgFJac/hqdefault.jpg,https://www.youtube.com/watch?v=n-3jzVgFJac
BLACKPINK - JENNIE '뚜두뚜두 (DDU-DU DDU-DU)' FOCUSED CAMERA,https://i.ytimg.com/vi/0uje7GB8Azk/hqdefault.jpg,https://www.youtube.com/watch?v=0uje7GB8Azk
BLACKPINK - LISA 'Kill This Love' FOCUSED CAMERA,https://i.ytimg.com/vi/GXBDwS2Tizo/hqdefault.jpg,https://www.youtube.com/watch?v=GXBDwS2Tizo
BLACKPINK - ‘Don't Know What To Do’ 0407 SBS Inkigayo,https://i.ytimg.com/vi/o4GHoqGtRkg/hqdefault.jpg,https://www.youtube.com/watch?v=o4GHoqGtRkg
BLACKPINK - ‘Kill This Love’ 0414 SBS Inkigayo,https://i.ytimg.com/vi/vx9CSpnROfs/hqdefault.jpg,https://www.youtube.com/watch?v=vx9CSpnROfs
BLACKPINK - ‘Pink Venom’ M/V MAKING FILM,https://i.ytimg.com/vi/pDP9SEP7vCo/hqdefault.jpg,https://www.youtube.com/watch?v=pDP9SEP7vCo
BLACKPINK - ‘Pink Venom’ Visualizer,https://i.ytimg.com/vi/N_Dlp-ueDf8/hqdefault.jpg,https://www.youtube.com/watch?v=N_Dlp-ueDf8
BLACKPINK - ‘뚜두뚜두 (DDU-DU DDU-DU)’ 0617 SBS Inkigayo,https://i.ytimg.com/vi/b5dUYf_uPaY/hqdefault.jpg,https://www.youtube.com/watch?v=b5dUYf_uPaY
BLACKPINK - ‘Pink Venom’ M/V,https://i.ytimg.com/vi/gQlMMD8auMs/hqdefault.jpg,https://www.youtube.com/watch?v=gQlMMD8auMs
BLACKPINK - '불장난 (PLAYING WITH FIRE)' 1106 SBS Inkigayo,https://i.ytimg.com/vi/5LWCPzwiN28/hqdefault.jpg,https://www.youtube.com/watch?v=5LWCPzwiN28
BLACKPINK - '붐바야 (BOOMBAYAH)' M/V,https://i.ytimg.com/vi/bwmSjveL3Lc/hqdefault.jpg,https://www.youtube.com/watch?v=bwmSjveL3Lc
BLACKPINK - 'SOLO' + '뚜두뚜두(DDU-DU DDU-DU)' + 'FOREVER YOUNG' in 2018 SBS Gayodaejun,https://i.ytimg.com/vi/cxNIewNXpcg/hqdefault.jpg,https://www.youtube.com/watch?v=cxNIewNXpcg
BLACKPINK - JENNIE 'Don't Know What To Do' FOCUSED CAMERA,https://i.ytimg.com/vi/sL175y19MUU/hqdefault.jpg,https://www.youtube.com/watch?v=sL175y19MUU
BLACKPINK - 'How You Like That' M/V MAKING FILM,https://i.ytimg.com/vi/KVsRHth92Jw/hqdefault.jpg,https://www.youtube.com/watch?v=KVsRHth92Jw
BLACKPINK - ‘FOREVER YOUNG’ 0722 SBS Inkigayo,https://i.ytimg.com/vi/PMsBMoc9eFg/hqdefault.jpg,https://www.youtube.com/watch?v=PMsBMoc9eFg
BLACKPINK - 'Kill This Love' M/V MAKING FILM,https://i.ytimg.com/vi/X-aaDs5heQ4/hqdefault.jpg,https://www.youtube.com/watch?v=X-aaDs5heQ4
ROSÉ - 'On The Ground' M/V,https://i.ytimg.com/vi/CKZvWhCqx1s/hqdefault.jpg,https://www.youtube.com/watch?v=CKZvWhCqx1s
BLACKPINK - ROSÉ '뚜두뚜두 (DDU-DU DDU-DU)' FOCUSED CAMERA,https://i.ytimg.com/vi/dEnDjgoLLY4/hqdefault.jpg,https://www.youtube.com/watch?v=dEnDjgoLLY4
BLACKPINK - ‘블핑하우스 (BLACKPINK HOUSE)’ EP.12-1,https://i.ytimg.com/vi/P-LmmW4xNFw/hqdefault.jpg,https://www.youtube.com/watch?v=P-LmmW4xNFw
Bring your best dance moves and join the #PinkVenomChallenge with us. Only on YouTube Shorts.,https://i.ytimg.com/vi/n-3jzVgFJac/hqdefault.jpg,https://www.youtube.com/watch?v=n-3jzVgFJac
BLACKPINK - ROSÉ 'Kill This Love' FOCUSED CAMERA,https://i.ytimg.com/vi/rt6G9Vwt1xc/hqdefault.jpg,https://www.youtube.com/watch?v=rt6G9Vwt1xc
Show us what you’ve got. Join the #PinkVenomChallenge & dance along. Only on YouTube Shorts.,https://i.ytimg.com/vi/SjiSYJqQlXU/hqdefault.jpg,https://www.youtube.com/watch?v=SjiSYJqQlXU
BLACKPINK - LISA 'Forever Young' FOCUSED CAMERA,https://i.ytimg.com/vi/4KRdmXcJWQU/hqdefault.jpg,https://www.youtube.com/watch?v=4KRdmXcJWQU
BLACKPINK - '휘파람 (WHISTLE)' + '불장난 (PLAYING WITH FIRE)' in 2016 SBS Gayodaejun,https://i.ytimg.com/vi/_paRxWTIyAo/hqdefault.jpg,https://www.youtube.com/watch?v=_paRxWTIyAo
BLACKPINK - 4TH ANNIVERSARY,https://i.ytimg.com/vi/784TL-z1P5g/hqdefault.jpg,https://www.youtube.com/watch?v=784TL-z1P5g
BLACKPINK - '마지막처럼 (AS IF IT'S YOUR LAST)' M/V,https://i.ytimg.com/vi/Amq-qlqbjYA/hqdefault.jpg,https://www.youtube.com/watch?v=Amq-qlqbjYA
BLACKPINK - 'PARTITION (Beyonce)' DANCE COVER 0812 SBS PARTY PEOPLE,https://i.ytimg.com/vi/X3P6dnL2OyY/hqdefault.jpg,https://www.youtube.com/watch?v=X3P6dnL2OyY
BLACKPINK - JENNIE 'Forever Young' FOCUSED CAMERA,https://i.ytimg.com/vi/HhyRAPKiXi4/hqdefault.jpg,https://www.youtube.com/watch?v=HhyRAPKiXi4
BLACKPINK - '24/365 with BLACKPINK' EP.2,https://i.ytimg.com/vi/U_RL_wbowhw/hqdefault.jpg,https://www.youtube.com/watch?v=U_RL_wbowhw
Create a Short to 'Pink Venom' & show us your moves with #PinkVenomChallenge only on YouTube Shorts,https://i.ytimg.com/vi/UAgwPVv5RRA/hqdefault.jpg,https://www.youtube.com/watch?v=UAgwPVv5RRA
BLACKPINK - '휘파람(WHISTLE)' 0828 SBS Inkigayo,https://i.ytimg.com/vi/13XTnp3Lp84/hqdefault.jpg,https://www.youtube.com/watch?v=13XTnp3Lp84
BLACKPINK - JISOO 'Don't Know What To Do' FOCUSED CAMERA,https://i.ytimg.com/vi/RgI8UNOqczE/hqdefault.jpg,https://www.youtube.com/watch?v=RgI8UNOqczE
BLACKPINK - ‘Shut Down’ M/V MAKING FILM,https://i.ytimg.com/vi/L0zIUVVEW6g/hqdefault.jpg,https://www.youtube.com/watch?v=L0zIUVVEW6g
BLACKPINK - ‘블핑하우스 (BLACKPINK HOUSE)’ EP.12-2,https://i.ytimg.com/vi/mQSbaGNzNzc/hqdefault.jpg,https://www.youtube.com/watch?v=mQSbaGNzNzc
BLACKPINK - ‘Shut Down’ (Official Audio),https://i.ytimg.com/vi/JDRyqUx1X8M/hqdefault.jpg,https://www.youtube.com/watch?v=JDRyqUx1X8M
ROSÉ - 'On The Ground' M/V MAKING FILM,https://i.ytimg.com/vi/wexdV6Gj84s/hqdefault.jpg,https://www.youtube.com/watch?v=wexdV6Gj84s
BLACKPINK - 'Ice Cream (with Selena Gomez)' M/V,https://i.ytimg.com/vi/vRXZj0DzXIA/hqdefault.jpg,https://www.youtube.com/watch?v=vRXZj0DzXIA
 BAND PRACTICE SKETCH,https://i.ytimg.com/vi/ZPA37YESz2U/hqdefault.jpg,https://www.youtube.com/watch?v=ZPA37YESz2U
BLACKPINK - '휘파람(WHISTLE)' + '불장난 (PLAYING WITH FIRE)' in 2016 MELON MUSIC AWARDS,https://i.ytimg.com/vi/ZwVTC_686Sw/hqdefault.jpg,https://www.youtube.com/watch?v=ZwVTC_686Sw
BLACKPINK - 'How You Like That' 0628 SBS Inkigayo,https://i.ytimg.com/vi/t0RcZWn085g/hqdefault.jpg,https://www.youtube.com/watch?v=t0RcZWn085g
BLACKPINK - 'Ice Cream (with Selena Gomez)' M/V MAKING FILM,https://i.ytimg.com/vi/bO8hS_W3BPE/hqdefault.jpg,https://www.youtube.com/watch?v=bO8hS_W3BPE
JENNIE - 'SOLO' DIARY EP.5-1,https://i.ytimg.com/vi/gHj5OGqvZ_8/hqdefault.jpg,https://www.youtube.com/watch?v=gHj5OGqvZ_8
BLACKPINK - 'Lovesick Girls' M/V,https://i.ytimg.com/vi/dyRsYk0LyA8/hqdefault.jpg,https://www.youtube.com/watch?v=dyRsYk0LyA8
BLACKPINK - '24/365 with BLACKPINK' EP.1,https://i.ytimg.com/vi/1viIqwCiEr8/hqdefault.jpg,https://www.youtube.com/watch?v=1viIqwCiEr8
BLACKPINK - ‘Lovesick Girls’ 1025 SBS Inkigayo : NO.1 OF THE WEEK,https://i.ytimg.com/vi/MBStYsiE618/hqdefault.jpg,https://www.youtube.com/watch?v=MBStYsiE618
BLACKPINK - 「How you like that -JP Ver.-」 MV,https://i.ytimg.com/vi/DjL9di-UIYc/hqdefault.jpg,https://www.youtube.com/watch?v=DjL9di-UIYc
BLACKPINK - BEHIND THE SCENES #001,https://i.ytimg.com/vi/9bOfCLnOQnI/hqdefault.jpg,https://www.youtube.com/watch?v=9bOfCLnOQnI
BLACKPINK - ‘블핑하우스 (BLACKPINK HOUSE)’ EP.12-3,https://i.ytimg.com/vi/SYLSJHtisiE/hqdefault.jpg,https://www.youtube.com/watch?v=SYLSJHtisiE
BLACKPINK - JISOO 'Forever Young' FOCUSED CAMERA,https://i.ytimg.com/vi/xqWjJP_WT-0/hqdefault.jpg,https://www.youtube.com/watch?v=xqWjJP_WT-0
BLACKPINK - ‘Shut Down’ M/V TEASER,https://i.ytimg.com/vi/YzigQ-93ig8/hqdefault.jpg,https://www.youtube.com/watch?v=YzigQ-93ig8
BLACKPINK - 'Kill This Love' M/V,https://i.ytimg.com/vi/2S24-y0Ij3Y/hqdefault.jpg,https://www.youtube.com/watch?v=2S24-y0Ij3Y
BLACKPINK - 'Lovesick Girls' Jimmy Kimmel Live,https://i.ytimg.com/vi/3l5jwqPT2yk/hqdefault.jpg,https://www.youtube.com/watch?v=3l5jwqPT2yk
BLACKPINK - ‘불장난 (PLAYING WITH FIRE)’ +  ‘마지막처럼 (AS IF IT’S YOUR LAST)’ in 2018 Golden Disc Awards,https://i.ytimg.com/vi/gDnCr0HaDXg/hqdefault.jpg,https://www.youtube.com/watch?v=gDnCr0HaDXg
BLACKPINK - ‘뚜두뚜두 (DDU-DU DDU-DU)’ M/V,https://i.ytimg.com/vi/IHNzOHi8sJs/hqdefault.jpg,https://www.youtube.com/watch?v=IHNzOHi8sJs
BLACKPINK - 'STAY' M/V,https://i.ytimg.com/vi/FzVR_fymZw4/hqdefault.jpg,https://www.youtube.com/watch?v=FzVR_fymZw4
BLACKPINK - 'Lovesick Girls' M/V MAKING FILM,https://i.ytimg.com/vi/Hryms86U1cE/hqdefault.jpg,https://www.youtube.com/watch?v=Hryms86U1cE
BLACKPINK - ‘불장난 (PLAYING WITH FIRE)’ + ‘붐바야 (BOOMBAYAH)’ in 2017 Seoul Music Awards,https://i.ytimg.com/vi/VQLn90MACUQ/hqdefault.jpg,https://www.youtube.com/watch?v=VQLn90MACUQ
BLACKPINK - '24/365 with BLACKPINK' EP.10,https://i.ytimg.com/vi/DBDmov0fBSs/hqdefault.jpg,https://www.youtube.com/watch?v=DBDmov0fBSs
ROSÉ - 'Gone' M/V,https://i.ytimg.com/vi/K9_VFxzCuQ0/hqdefault.jpg,https://www.youtube.com/watch?v=K9_VFxzCuQ0
BLACKPINK - '붐바야(BOOMBAYAH)' 0828 SBS Inkigayo,https://i.ytimg.com/vi/EKHdMwRaU60/hqdefault.jpg,https://www.youtube.com/watch?v=EKHdMwRaU60
Show us that you are BORN PINK and join us in the #PinkVenomChallenge Only on YouTube Shorts.,https://i.ytimg.com/vi/Lui5GlyQL7U/hqdefault.jpg,https://www.youtube.com/watch?v=Lui5GlyQL7U
BLACKPINK - ‘뚜두뚜두 (DDU-DU DDU-DU)’ M/V,https://i.ytimg.com/vi/IHNzOHi8sJs/hqdefault.jpg,https://www.youtube.com/watch?v=IHNzOHi8sJs
BLACKPINK - '24/365 with BLACKPINK' EP.14,https://i.ytimg.com/vi/IXpUVTAZ9B4/hqdefault.jpg,https://www.youtube.com/watch?v=IXpUVTAZ9B4
BLACKPINK - 'STAY' M/V,https://i.ytimg.com/vi/FzVR_fymZw4/hqdefault.jpg,https://www.youtube.com/watch?v=FzVR_fymZw4
BLACKPINK - '24/365 with BLACKPINK' EP.10,https://i.ytimg.com/vi/DBDmov0fBSs/hqdefault.jpg,https://www.youtube.com/watch?v=DBDmov0fBSs
JENNIE - 'SOLO' M/V,https://i.ytimg.com/vi/b73BI9eUkjM/hqdefault.jpg,https://www.youtube.com/watch?v=b73BI9eUkjM
BLACKPINK - '붐바야(BOOMBAYAH)' 0828 SBS Inkigayo,https://i.ytimg.com/vi/EKHdMwRaU60/hqdefault.jpg,https://www.youtube.com/watch?v=EKHdMwRaU60
LISA - 'LALISA' M/V,https://i.ytimg.com/vi/awkkyBH2zEo/hqdefault.jpg,https://www.youtube.com/watch?v=awkkyBH2zEo
BLACKPINK - ‘Ice Cream (with Selena Gomez)' Lyric Video,https://i.ytimg.com/vi/XO56k_hOftU/hqdefault.jpg,https://www.youtube.com/watch?v=XO56k_hOftU
Create a Short to 'Pink Venom' & show us your moves with #PinkVenomChallenge only on YouTube Shorts,https://i.ytimg.com/vi/OHnbckpeXv8/hqdefault.jpg,https://www.youtube.com/watch?v=OHnbckpeXv8
BLACKPINK - ROSÉ 'Forever Young' FOCUSED CAMERA,https://i.ytimg.com/vi/WaIGc9QmV2w/hqdefault.jpg,https://www.youtube.com/watch?v=WaIGc9QmV2w
BLACKPINK - ‘마지막처럼 (AS IF IT’S YOUR LAST)’ 1001 SBS Inkigayo,https://i.ytimg.com/vi/wwuZtpS8FNI/hqdefault.jpg,https://www.youtube.com/watch?v=wwuZtpS8FNI
ROSÉ - 'On The Ground' 0321 SBS Inkigayo,https://i.ytimg.com/vi/AkISOALL8Cw/hqdefault.jpg,https://www.youtube.com/watch?v=AkISOALL8Cw
BLACKPINK - ‘Pink Venom’ JENNIE Concept Teaser #2,https://i.ytimg.com/vi/9q3byegECqw/hqdefault.jpg,https://www.youtube.com/watch?v=9q3byegECqw
BLACKPINK - '붐바야(BOOMBAYAH)' 0814 SBS Inkigayo,https://i.ytimg.com/vi/LpSH8MrYCfg/hqdefault.jpg,https://www.youtube.com/watch?v=LpSH8MrYCfg
BLACKPINK - '뚜두뚜두 (DDU-DU DDU-DU)' 2019 Coachella Live Performance,https://i.ytimg.com/vi/a5gUds01aXY/hqdefault.jpg,https://www.youtube.com/watch?v=a5gUds01aXY
JENNIE - 'SOLO' DIARY EP.3,https://i.ytimg.com/vi/DR9n-vDj-zo/hqdefault.jpg,https://www.youtube.com/watch?v=DR9n-vDj-zo
ROSÉ - 'On The Ground' 0314 SBS Inkigayo,https://i.ytimg.com/vi/Q88P1gpOJxA/hqdefault.jpg,https://www.youtube.com/watch?v=Q88P1gpOJxA
BLACKPINK - '불장난 (PLAYING WITH FIRE)' M/V,https://i.ytimg.com/vi/9pdj4iJD08s/hqdefault.jpg,https://www.youtube.com/watch?v=9pdj4iJD08s
BLACKPINK - '휘파람(WHISTLE)' 0821 SBS Inkigayo,https://i.ytimg.com/vi/metZ_f8aqC0/hqdefault.jpg,https://www.youtube.com/watch?v=metZ_f8aqC0
BLACKPINK - ‘Pink Venom’ ROSÉ Concept Teaser #2,https://i.ytimg.com/vi/7C0TewNgkDM/hqdefault.jpg,https://www.youtube.com/watch?v=7C0TewNgkDM
BLACKPINK - ‘FOREVER YOUNG’ 0617 SBS Inkigayo,https://i.ytimg.com/vi/n7ukhNJvQ8s/hqdefault.jpg,https://www.youtube.com/watch?v=n7ukhNJvQ8s
BLACKPINK - '휘파람 (WHISTLE)' M/V,https://i.ytimg.com/vi/dISNgvVpWlo/hqdefault.jpg,https://www.youtube.com/watch?v=dISNgvVpWlo
BLACKPINK - 'SO HOT' (THEBLACKLABEL Remix) in 2017 SBS Gayodaejun,https://i.ytimg.com/vi/skIfzl96Gc0/hqdefault.jpg,https://www.youtube.com/watch?v=skIfzl96Gc0
BLACKPINK - ‘Typa Girl’ (Official Audio),https://i.ytimg.com/vi/UhxW9Njqqu0/hqdefault.jpg,https://www.youtube.com/watch?v=UhxW9Njqqu0
BLACKPINK - 'Pink Venom' JISOO Concept Teaser,https://i.ytimg.com/vi/vpVBRTXpJeI/hqdefault.jpg,https://www.youtube.com/watch?v=vpVBRTXpJeI
BLACKPINK - ‘FOREVER YOUNG’ 0805 SBS Inkigayo,https://i.ytimg.com/vi/5hwepTxNKtE/hqdefault.jpg,https://www.youtube.com/watch?v=5hwepTxNKtE
ROSÉ - 'Gone' 0314 SBS Inkigayo,https://i.ytimg.com/vi/fjp4thii1WY/hqdefault.jpg,https://www.youtube.com/watch?v=fjp4thii1WY
 SEOUL MESSAGE VIDEO,https://i.ytimg.com/vi/der6pNVKfXQ/hqdefault.jpg,https://www.youtube.com/watch?v=der6pNVKfXQ
BLACKPINK - 'STAY' 1106 SBS Inkigayo,https://i.ytimg.com/vi/_NVwS4mcVYg/hqdefault.jpg,https://www.youtube.com/watch?v=_NVwS4mcVYg
